<?xml version='1.0'?>
<markers>
    <color hex="#FF5733" name="Cinnabar"/>
    <color hex="#33FF57" name="Emerald"/>
    <color hex="#3357FF" name="Azure"/>
    <color hex="#F333FF" name="Pink Violet"/>
    <color hex="#33FFF5" name="Turquoise"/>
    <color hex="#FF33A8" name="Pink"/>
    <color hex="#A833FF" name="Violet"/>
    <color hex="#33FFA8" name="Sea Green"/>
    <color hex="#FF8C33" name="Dark Orange"/>
    <color hex="#8CFF33" name="Lime"/>
    <color hex="#338CFF" name="Blue"/>
    <color hex="#FF3380" name="Rose"/>
    <color hex="#FFBD33" name="Gold"/>
    <color hex="#33FFBD" name="Aquamarine"/>
    <color hex="#BD33FF" name="Lavender"/>
    <color hex="#33FF8C" name="Spring Green"/>
    <color hex="#8C33FF" name="Purple"/>
    <color hex="#FF3385" name="Magenta"/>
    <color hex="#33FF85" name="Mint"/>
    <color hex="#85FF33" name="Lawn Green"/>
    <color hex="#3385FF" name="Sky Blue"/>
    <color hex="#FF8533" name="Orange"/>
    <color hex="#8533FF" name="Indigo"/>
    <color hex="#33FF53" name="Bright Green"/>
    <color hex="#FF5333" name="Coral"/>
    <color hex="#33FF33" name="Lime Green"/>
    <color hex="#33A8FF" name="Dodger Blue"/>
    <color hex="#FFA833" name="Amber"/>
    <color hex="#8CFF85" name="Spring Green"/>
    <color hex="#FF338C" name="Deep Pink"/>
    <color hex="#33FF8C" name="Medium Spring Green"/>
    <color hex="#FF3380" name="Raspberry"/>
    <color hex="#3380FF" name="Royal Blue"/>
    <color hex="#FFB533" name="Saffron"/>
    <color hex="#B533FF" name="Orchid"/>
    <color hex="#FFC533" name="Gold"/>
    <color hex="#33FFC5" name="Turquoise Blue"/>
    <color hex="#C533FF" name="Violet"/>
    <color hex="#FFC533" name="Sunset Orange"/>
    <color hex="#33FFC5" name="Aquamarine"/>
    <color hex="#C5FF33" name="Lawn Green"/>
    <color hex="#FF33C5" name="Pink"/>
    <color hex="#33C5FF" name="Sky Blue"/>
</markers>