<?xml version='1.0'?>
<extension name="WebOffice">
    <doNotTrackEnabled>true</doNotTrackEnabled>
    <safeBrowsingEnabled>true</safeBrowsingEnabled>
    <domainBlock enabled="true">
        <rules>
            <rule name="pornhub">
                <urlFilter>.*pornhub*</urlFilter>
                <action type="block"/>
                <resourceTypes>
                    <type>main_frame</type>
                </resourceTypes>
            </rule>
            <rule name="spankbang">
                <urlFilter>.*spankbang*</urlFilter>
                <action type="block"/>
                <resourceTypes>
                    <type>main_frame</type>
                </resourceTypes>
            </rule>
        </rules>
    </domainBlock>
    <adblock enabled="true">
        <rules>
            <rule>
                <action type="block"/>
                <condition>
                    <urlFilter>||doubleclick.net/*</urlFilter>
                    <resourceTypes>
                        <type>script</type>
                        <type>image</type>
                    </resourceTypes>
                </condition>
            </rule>
            <rule>
                <action type="block"/>
                <condition>
                    <urlFilter>||googleadservices.com/*</urlFilter>
                    <resourceTypes>
                        <type>script</type>
                        <type>image</type>
                    </resourceTypes>
                </condition>
            </rule>
            <rule>
                <action type="block"/>
                <condition>
                    <urlFilter>||googlesyndication.com/*</urlFilter>
                    <resourceTypes>
                        <type>script</type>
                        <type>image</type>
                    </resourceTypes>
                </condition>
            </rule>
            <rule>
                <action type="block"/>
                <condition>
                    <urlFilter>||adservice.google.com/*</urlFilter>
                    <resourceTypes>
                        <type>script</type>
                        <type>image</type>
                    </resourceTypes>
                </condition>
            </rule>
            <rule>
                <action type="block"/>
                <condition>
                    <urlFilter>||adnxs.com/*</urlFilter>
                    <resourceTypes>
                        <type>script</type>
                        <type>image</type>
                    </resourceTypes>
                </condition>
            </rule>
            <rule>
                <action type="block"/>
                <condition>
                    <urlFilter>||rubiconproject.com/*</urlFilter>
                    <resourceTypes>
                        <type>script</type>
                        <type>image</type>
                    </resourceTypes>
                </condition>
            </rule>
            <rule>
                <action type="block"/>
                <condition>
                    <urlFilter>||openx.net/*</urlFilter>
                    <resourceTypes>
                        <type>script</type>
                        <type>image</type>
                    </resourceTypes>
                </condition>
            </rule>
            <rule>
                <action type="block"/>
                <condition>
                    <urlFilter>||appnexus.com/*</urlFilter>
                    <resourceTypes>
                        <type>script</type>
                        <type>image</type>
                    </resourceTypes>
                </condition>
            </rule>
            <rule>
                <action type="block"/>
                <condition>
                    <urlFilter>||pubmatic.com/*</urlFilter>
                    <resourceTypes>
                        <type>script</type>
                        <type>image</type>
                    </resourceTypes>
                </condition>
            </rule>
            <rule>
                <action type="block"/>
                <condition>
                    <urlFilter>||spotx.tv/*</urlFilter>
                    <resourceTypes>
                        <type>script</type>
                        <type>image</type>
                    </resourceTypes>
                </condition>
            </rule>
            <rule>
                <action type="block"/>
                <condition>
                    <urlFilter>||taboola.com/*</urlFilter>
                    <resourceTypes>
                        <type>script</type>
                        <type>image</type>
                    </resourceTypes>
                </condition>
            </rule>
            <rule>
                <action type="block"/>
                <condition>
                    <urlFilter>||outbrain.com/*</urlFilter>
                    <resourceTypes>
                        <type>script</type>
                        <type>image</type>
                    </resourceTypes>
                </condition>
            </rule>
            <rule>
                <action type="block"/>
                <condition>
                    <urlFilter>||criteo.com/*</urlFilter>
                    <resourceTypes>
                        <type>script</type>
                        <type>image</type>
                    </resourceTypes>
                </condition>
            </rule>
        </rules>
    </adblock>
    <doNotTrack enabled="true">
        <rules>
            <rule id="1">
                <action type="modifyHeaders">
                <requestHeaders>
                    <operation>set</operation>
                    <header>DNT</header>
                    <value>1</value>
                </requestHeaders>
                </action>
                <condition>
                    <resourceTypes>
                        <type>main_frame</type>
                        <type>sub_frame</type>
                        <type>stylesheet</type>
                        <type>script</type>
                        <type>image</type>
                        <type>font</type>
                        <type>object</type>
                        <type>xmlhttprequest</type>
                        <type>ping</type>
                        <type>csp_report</type>
                        <type>media</type>
                        <type>websocket</type>
                        <type>other</type>
                    </resourceTypes>
                </condition>
            </rule>
            <rule id="2" priority="1">
                <action type="modifyHeaders">
                <requestHeaders>
                    <operation>remove</operation>
                    <header>X-Client-Data</header>
                </requestHeaders>
                </action>
                <condition>
                    <resourceTypes>
                        <type>main_frame</type>
                        <type>sub_frame</type>
                        <type>xmlhttprequest</type>
                        <type>other</type>
                    </resourceTypes>
                </condition>
            </rule>
        </rules>
    </doNotTrack>
    <blockTracking enabled="true">
        <rules>
            <rule id="1" priority="1">
                <action type="block"/>
                <condition>
                    <urlFilter>*doubleclick.net*</urlFilter>
                    <resourceTypes>
                        <type>script</type>
                        <type>image</type>
                        <type>xmlhttprequest</type>
                    </resourceTypes>
                </condition>
            </rule>
            <rule id="2" priority="1">
                <action type="block"/>
                <condition>
                    <urlFilter>*googlesyndication.com*</urlFilter>
                    <resourceTypes>
                        <type>script</type>
                        <type>image</type>
                        <type>xmlhttprequest</type>
                    </resourceTypes>
                </condition>
            </rule>
            <rule id="3" priority="1">
                <action type="block"/>
                <condition>
                    <urlFilter>*google-analytics.com*</urlFilter>
                    <resourceTypes>
                        <type>script</type>
                        <type>image</type>
                        <type>xmlhttprequest</type>
                    </resourceTypes>
                </condition>
            </rule>
            <rule id="4" priority="1">
                <action type="block"/>
                <condition>
                    <urlFilter>*adservice.google.com*</urlFilter>
                    <resourceTypes>
                        <type>script</type>
                        <type>image</type>
                        <type>xmlhttprequest</type>
                    </resourceTypes>
                </condition>
            </rule>
            <rule id="5" priority="1">
                <action type="block"/>
                <condition>
                    <urlFilter>*facebook.com/tr*</urlFilter>
                    <resourceTypes>
                        <type>script</type>
                        <type>image</type>
                        <type>xmlhttprequest</type>
                    </resourceTypes>
                </condition>
            </rule>
            <rule id="6" priority="1">
                <action type="block"/>
                <condition>
                    <urlFilter>*facebook.net/tr*</urlFilter>
                    <resourceTypes>
                        <type>script</type>
                        <type>image</type>
                        <type>xmlhttprequest</type>
                    </resourceTypes>
                </condition>
            </rule>
            <rule id="7" priority="1">
                <action type="block"/>
                <condition>
                    <urlFilter>*scorecardresearch.com*</urlFilter>
                    <resourceTypes>
                        <type>script</type>
                        <type>image</type>
                        <type>xmlhttprequest</type>
                    </resourceTypes>
                </condition>
            </rule>
            <rule id="8" priority="1">
                <action type="block"/>
                    <condition>
                    <urlFilter>*quantserve.com*</urlFilter>
                    <resourceTypes>
                        <type>script</type>
                        <type>image</type>
                        <type>xmlhttprequest</type>
                    </resourceTypes>
                </condition>
            </rule>
            <rule id="9" priority="1">
                <action type="block"/>
                <condition>
                    <urlFilter>*adnxs.com*</urlFilter>
                    <resourceTypes>
                        <type>script</type>
                        <type>image</type>
                        <type>xmlhttprequest</type>
                    </resourceTypes>
                </condition>
            </rule>
            <rule id="10" priority="1">
                <action type="block"/>
                    <condition>
                    <urlFilter>*taboola.com*</urlFilter>
                    <resourceTypes>
                        <type>script</type>
                        <type>image</type>
                        <type>xmlhttprequest</type>
                    </resourceTypes>
                </condition>
            </rule>
            <rule id="11" priority="1">
                <action type="block"/>
                <condition>
                    <urlFilter>*criteo.com*</urlFilter>
                    <resourceTypes>
                        <type>script</type>
                        <type>image</type>
                        <type>xmlhttprequest</type>
                    </resourceTypes>
                </condition>
            </rule>
            <rule id="12" priority="1">
                <action type="block"/>
                <condition>
                    <urlFilter>*outbrain.com*</urlFilter>
                    <resourceTypes>
                        <type>script</type>
                        <type>image</type>
                        <type>xmlhttprequest</type>
                    </resourceTypes>
                </condition>
            </rule>
            <rule id="13" priority="1">
                <action type="block"/>
                <condition>
                    <urlFilter>*adroll.com*</urlFilter>
                    <resourceTypes>
                        <type>script</type>
                        <type>image</type>
                        <type>xmlhttprequest</type>
                    </resourceTypes>
                </condition>
            </rule>
            <rule id="14" priority="1">
                <action type="block"/>
                <condition>
                    <urlFilter>*linkedin.com/collect*</urlFilter>
                    <resourceTypes>
                        <type>script</type>
                        <type>image</type>
                        <type>xmlhttprequest</type>
                    </resourceTypes>
                </condition>
            </rule>
            <rule id="15" priority="1">
                <action type="block"/>
                <condition>
                    <urlFilter>*mixpanel.com*</urlFilter>
                    <resourceTypes>
                        <type>script</type>
                        <type>image</type>
                        <type>xmlhttprequest</type>
                    </resourceTypes>
                </condition>
            </rule>
            <rule id="16" priority="1">
                <action type="block"/>
                <condition>
                    <urlFilter>*amplitude.com*</urlFilter>
                    <resourceTypes>
                        <type>script</type>
                        <type>image</type>
                        <type>xmlhttprequest</type>
                    </resourceTypes>
                </condition>
            </rule>
            <rule id="17" priority="1">
                <action type="block"/>
                <condition>
                    <urlFilter>*piwik.pro*</urlFilter>
                    <resourceTypes>
                        <type>script</type>
                        <type>image</type>
                        <type>xmlhttprequest</type>
                    </resourceTypes>
                </condition>
            </rule>
        </rules>
    </blockTracking>
    <blockURLTracking enabled="true">
        <rules>
            <rule>
                <id>1</id>
                <priority>1</priority>
                <action type="redirect">
                    <regexSubstitution>\1</regexSubstitution>
                </action>
                <condition>
                    <regexFilter><![CDATA[()([?&])(utm_source|utm_medium|utm_campaign|ref|fbclid|gclid)=[^&]*]]></regexFilter>
                    <resourceTypes>
                        <type>main_frame</type>
                        <type>sub_frame</type>
                        <type>xmlhttprequest</type>
                    </resourceTypes>
                </condition>
            </rule>
        </rules>
    </blockURLTracking>
</extension>